Id,Start,End,Current,Title,Address,Showman,City,Image,Label,Lat,Lng,Related,URL
https://curiositas.ulusofona.pt/cosmoramas-map/,1818,1819,1818,Gabinete de Física de Mr. Robinson / Câmara escura e Cosmorama,Cais do Sodré - n3,Étienne-Gaspard Robert,Lisboa,L1,Gazeta de Lisboa - 1 de January de 1819,38.7060951154284,-9.1440279645965,2.0,https://curiositas.ulusofona.pt/wp-content/plugins/curiositas-timeline/images/lisboa/L1.png
https://curiositas.ulusofona.pt/cosmoramas-map/,1821,1821,1821,Gabinete de Física de Mr. Robinson / Câmara escura e Cosmorama,Calle del Prado,Étienne-Gaspard Robert,Madrid,M22,Diário de Madrid - 14 de August de 1821,40.4149686899813,-3.69685685246758,1.0,https://curiositas.ulusofona.pt/wp-content/plugins/curiositas-timeline/images/madrid/M22.png
https://curiositas.ulusofona.pt/cosmoramas-map/,1821,1821,1821,Cosmorama,St James’ Street - n29,,London,Lon1,Blunt - C. Popular description of the cosmorama' - La Belle Assemblée - nº155 - vol. 24 November 1821 - p.233 - It represents the cosmorama in 29 St James Street,51.507030681796,-0.139561467186957,,https://curiositas.ulusofona.pt/wp-content/plugins/curiositas-timeline/images/london/Lon1.png
https://curiositas.ulusofona.pt/cosmoramas-map/,1821,1821,1821,New Cosmoramic exhibition,Centro Histórico de Edinburgh,,Edinburgh,E1,Caledonian Mercury - 29 December 1821,55.9533933818366,-3.18839805608411,,https://curiositas.ulusofona.pt/wp-content/plugins/curiositas-timeline/images/edinburgh/E1.png
https://curiositas.ulusofona.pt/cosmoramas-map/,1822,1822,1822,Cosmorama,Vauxhall Gardens,,London,Lon11,Leeds Intelligencer - 24 June 1822,51.4875386094909,-0.120962959156713,,https://curiositas.ulusofona.pt/wp-content/plugins/curiositas-timeline/images/london/Lon11.png
https://curiositas.ulusofona.pt/cosmoramas-map/,1823,1823,1823,Cosmorama,Regent Street - n207-209,,London,Lon2,Bell's Weekly Messenger - 15 June 1823,51.5133150397835,-0.141098047562526,,https://curiositas.ulusofona.pt/wp-content/plugins/curiositas-timeline/images/london/Lon2.png
https://curiositas.ulusofona.pt/cosmoramas-map/,1824,1824,1824,The Dioramic and Cosmoramic Naturorama,Lord-Street - n47,,Liverpool,Liv14,Liverpool Mercury - 20 August 1824,53.4054675787269,-2.98799020093337,,https://curiositas.ulusofona.pt/wp-content/plugins/curiositas-timeline/images/liverpool/Liv14.png
https://curiositas.ulusofona.pt/cosmoramas-map/,1825,1825,1825,Cosmorama,Quebec - perto de Coloured Cloth Hall,Lloyd,Leeds,Lee2,Leeds Mercury - 19 November 1825,53.7965742234931,-1.54791488752189,,https://curiositas.ulusofona.pt/wp-content/plugins/curiositas-timeline/images/leeds/Lee2.png
https://curiositas.ulusofona.pt/cosmoramas-map/,1825,1825,1825,Cosmorama Views,Vauxhall Gardens,,London,Lon10,Caledonian Mercury - 11 July 1825,51.4875386094909,-0.120962959156713,,https://curiositas.ulusofona.pt/wp-content/plugins/curiositas-timeline/images/london/Lon10.png
https://curiositas.ulusofona.pt/cosmoramas-map/,1826,1826,1826,Poecilorama,Egyptian Hall,,London,Lon3,New Times (London) - 06 November,51.507992647083,-0.139553943578411,,https://curiositas.ulusofona.pt/wp-content/plugins/curiositas-timeline/images/london/Lon3.png
https://curiositas.ulusofona.pt/cosmoramas-map/,1827,1827,1827,Cosmorama,Bold Street n100,J. Borthwic,Liverpool,Liv1,Liverpool Albion - 27 August 1827,53.4024865759193,-2.97731739066114,12.0,https://curiositas.ulusofona.pt/wp-content/plugins/curiositas-timeline/images/liverpool/Liv1.png
https://curiositas.ulusofona.pt/cosmoramas-map/,1828,1828,1828,The Press Gang,Bold Street (bottom),J. Borthwic,Liverpool,Liv2,Liverpool Albion - 17 July 1828,53.4033401618255,-2.97868431488467,11.0,https://curiositas.ulusofona.pt/wp-content/plugins/curiositas-timeline/images/liverpool/Liv2.png
https://curiositas.ulusofona.pt/cosmoramas-map/,1828,1830,1828,Cosmorama,Calle del Caballero de Gracia (Café de Malta),Juan Poret,Madrid,M1,Diario de Avisos de Madrid - 8 September 1828,40.4193171343665,-3.69973660017468,,https://curiositas.ulusofona.pt/wp-content/plugins/curiositas-timeline/images/madrid/M1.png
https://curiositas.ulusofona.pt/cosmoramas-map/,1828,1828,1828,Galeria Optica,,Thomas Karl Andorfer,Bergamo,BER1,Giornale D'Indizj della Provincia di Bergamo - 11 September 1828,45.695,9.67,15.0,https://curiositas.ulusofona.pt/wp-content/plugins/curiositas-timeline/images/bergamo/BER1.png
https://curiositas.ulusofona.pt/cosmoramas-map/,1828,1828,1828,Galeria Optica,,Thomas Karl Andorfer,Verona,VER1,Foglio di Verona - 17 October 1828,45.433334,10.983333,19.0,https://curiositas.ulusofona.pt/wp-content/plugins/curiositas-timeline/images/verona/VER1.png
https://curiositas.ulusofona.pt/cosmoramas-map/,1829,1829,1829,Vauxhall Gardens,Vauxhall Gardens,,London,Lon4,Morning Post - 21 July1829,51.4875386094909,-0.120962959156713,,https://curiositas.ulusofona.pt/wp-content/plugins/curiositas-timeline/images/london/Lon4.png
https://curiositas.ulusofona.pt/cosmoramas-map/,1829,1830,1829,Cosmorama,Long Gallery - Royal Arcade,,Dublin,D1,Dublin Morning Register - 26 November,53.344217892899,-6.26008342608613,,https://curiositas.ulusofona.pt/wp-content/plugins/curiositas-timeline/images/dublin/D1.png
https://curiositas.ulusofona.pt/cosmoramas-map/,1829,1832,1829,Diorama and Cosmorama,Lothian Road,,Edinburgh,E2,The Scotsman - 18 May 1831,55.94757121137,-3.20610150596774,,https://curiositas.ulusofona.pt/wp-content/plugins/curiositas-timeline/images/edinburgh/E2.png
https://curiositas.ulusofona.pt/cosmoramas-map/,1829,1829,1829,Cosmorama,,Thomas Karl Andorfer,Brescia,BRE1,Giornale Della Provincia Bresciana - 2 January 1829,45.541553,10.211802,20.0,https://curiositas.ulusofona.pt/wp-content/plugins/curiositas-timeline/images/brescia/BRE1.png
https://curiositas.ulusofona.pt/cosmoramas-map/,1829,1829,1829,Galeria Optica,,Thomas Karl Andorfer,Milão,MIL1,I Teatri Giornale drammatico musicale e coregrafico. Red. G. Ferrario e G. Barbieri - Volume 3 - 1829,45.4637,9.18817,25.0,https://curiositas.ulusofona.pt/wp-content/plugins/curiositas-timeline/images/milao/MIL1.png
https://curiositas.ulusofona.pt/cosmoramas-map/,1830,1832,1830,The Diorama,Bold Street,,Liverpool,Liv3,Liverpool Albion - 12 March 1832,53.4033401618255,-2.97868431488467,,https://curiositas.ulusofona.pt/wp-content/plugins/curiositas-timeline/images/liverpool/Liv3.png
https://curiositas.ulusofona.pt/cosmoramas-map/,1830,1830,1830,Cosmorama,Rambla - n27,Saurach,Barcelona,B11,Diário de Barcelona - 22 April 1830,41.37845354278,2.17504074998687,,https://curiositas.ulusofona.pt/wp-content/plugins/curiositas-timeline/images/barcelona/B11.png
https://curiositas.ulusofona.pt/cosmoramas-map/,1830,1830,1830,Udorama and Cosmorama,Saville House Bazaar - Leicester Square,Dalberg,London,Lon5,Weekly Times (London) - 04 April 1830,51.5109089188144,-0.130139785600773,,https://curiositas.ulusofona.pt/wp-content/plugins/curiositas-timeline/images/london/Lon5.png
https://curiositas.ulusofona.pt/cosmoramas-map/,1830,1830,1830,Cosmorama,Centro Histórico de Barcelona,,Barcelona,B18,Diario de Barcelona - 15 May 1830,41.3808533247019,2.17305252000133,,https://curiositas.ulusofona.pt/wp-content/plugins/curiositas-timeline/images/barcelona/B18.png
https://curiositas.ulusofona.pt/cosmoramas-map/,1830,1830,1830,Galeria Optica,,Thomas Karl Andorfer,Pavia,PAV1,La Minerva Ticinese- Giornale di Scienze - Lettere - Arti - Varieta' - 6 January 1830,45.183334,9.15,26.0,https://curiositas.ulusofona.pt/wp-content/plugins/curiositas-timeline/images/pavia/PAV1.png
https://curiositas.ulusofona.pt/cosmoramas-map/,1830,1830,1830,Cosmorama,,Thomas Karl Andorfer,Bergamo,BER2,Giornale d'indizi giudiziarj della provincia di Bergamo - 30 August 1830,45.695,9.67,27.0,https://curiositas.ulusofona.pt/wp-content/plugins/curiositas-timeline/images/bergamo/BER2.png
https://curiositas.ulusofona.pt/cosmoramas-map/,1831,1831,1831,Galeria Optica,,Thomas Karl Andorfer,Mantova,MAN1,Foglio d'Annunzj della Gazetta di Mantova - 4 January 1831,45.156417,10.791375,51.0,https://curiositas.ulusofona.pt/wp-content/plugins/curiositas-timeline/images/mantova/MAN1.png
https://curiositas.ulusofona.pt/cosmoramas-map/,1832,1832,1832,Templo de Ilusión — Neorama de Paris,Rambla - n3,Menatory,Barcelona,B2,Diário de Barcelona - 10 May 1832,41.3768324393859,2.17641680901304,36.0,https://curiositas.ulusofona.pt/wp-content/plugins/curiositas-timeline/images/barcelona/B2.png
https://curiositas.ulusofona.pt/cosmoramas-map/,1832,1832,1832,Diorama,Bold Street,,Liverpool,Liv15,Liverpool Mercury - 8 June 1832,53.4033180989099,-2.97869304986102,,https://curiositas.ulusofona.pt/wp-content/plugins/curiositas-timeline/images/liverpool/Liv15.png
https://curiositas.ulusofona.pt/cosmoramas-map/,1832,1832,1832,Physiorama and British Diorama,Oxford Street (Queen’s Bazaar),,London,Lon6,New Times (London) - 29 Abril 1830,51.5159262154904,-0.137812492714298,,https://curiositas.ulusofona.pt/wp-content/plugins/curiositas-timeline/images/london/Lon6.png
https://curiositas.ulusofona.pt/cosmoramas-map/,1833,1833,1833,Cosmorama,Calle del Caballero de Gracia,Domenico Lusardi,Madrid,M2,Diario Avisos de Madrid 19 March 1833,40.4193171343665,-3.69973660017468,38.0,https://curiositas.ulusofona.pt/wp-content/plugins/curiositas-timeline/images/madrid/M2.png
https://curiositas.ulusofona.pt/cosmoramas-map/,1833,1835,1833,Neorama / Viage de Ilusión,Calle San Pablo - n78 - piso 1,Felipe Maglia,Barcelona,B4,Diário de Barcelona - 5 May 1833,41.3776505262717,2.1702188248572,50.0,https://curiositas.ulusofona.pt/wp-content/plugins/curiositas-timeline/images/barcelona/B4.png
https://curiositas.ulusofona.pt/cosmoramas-map/,1833,1834,1833,Neorama o Viage de Ilusión,Calle San Francisco de Asis - n14,,Barcelona,B5,Diário de Barcelona - 21 July 1833,41.4491967829918,2.25046925515325,,https://curiositas.ulusofona.pt/wp-content/plugins/curiositas-timeline/images/barcelona/B5.png
https://curiositas.ulusofona.pt/cosmoramas-map/,1833,1833,1833,Neorama,Centro Histórico de Valencia,,Valencia,V2,Diario de Valencia - 27 January 1833,39.473411788026,-0.376500838554147,,https://curiositas.ulusofona.pt/wp-content/plugins/curiositas-timeline/images/valencia/V2.png
https://curiositas.ulusofona.pt/cosmoramas-map/,1833,1833,1833,Cosmorama,,Nicolino Calyo,Granada,GRA2,La revista Española - 2 August 1833,37.178055,-3.600833,64.0,https://curiositas.ulusofona.pt/wp-content/plugins/curiositas-timeline/images/granada/GRA2.png
https://curiositas.ulusofona.pt/cosmoramas-map/,1834,1835,1834,Gran Cosmorama de Paris/ Cosmorama,Rua Nova do Almada - n35 - piso 1 (Junto à Boa Hora),Menatory,Lisboa,L8,O Periódico dos Pobres - 15 November 1834,38.709554919077,-9.13918373194695,37.0,https://curiositas.ulusofona.pt/wp-content/plugins/curiositas-timeline/images/lisboa/L8.png
https://curiositas.ulusofona.pt/cosmoramas-map/,1834,1835,1834,Gran Cosmorama de Paris/ Cosmorama,Calçada do Duque - n1 - Piso 1,Menatory,Lisboa,L12,O Periódico dos Pobres - 19 December 1834,38.7133448442335,-9.1409949171601,66.0,https://curiositas.ulusofona.pt/wp-content/plugins/curiositas-timeline/images/lisboa/L12.png
https://curiositas.ulusofona.pt/cosmoramas-map/,1834,1834,1834,Cosmoneorama,Calle de la Montera - n28,Domenico Lusardi,Madrid,M4,Diario de Avisos de Madrid - 30 January 1834,40.418706081439,-3.70213924812028,39.0,https://curiositas.ulusofona.pt/wp-content/plugins/curiositas-timeline/images/madrid/M4.png
https://curiositas.ulusofona.pt/cosmoramas-map/,1834,1835,1834,Cosmoneorama,Cais do Sodré - n19 - piso 1,Domenico Lusardi,Lisboa,L2,O Periódico dos Pobres - 13 March 1835,38.7054065281017,-9.14438960318784,40.0,https://curiositas.ulusofona.pt/wp-content/plugins/curiositas-timeline/images/lisboa/L2.png
https://curiositas.ulusofona.pt/cosmoramas-map/,1834,1835,1834,Cosmoneorama,Rua da Figueira - n8,Domenico Lusardi,Lisboa,L9,O Periódico dos Pobres - 6 October 1834,38.7142632014841,-9.13751360710388,41.0,https://curiositas.ulusofona.pt/wp-content/plugins/curiositas-timeline/images/lisboa/L9.png
https://curiositas.ulusofona.pt/cosmoramas-map/,1834,1835,1834,Cosmoneorama,Rua de Santo António - n81 - piso 1,Domenico Lusardi,Porto,P3,Chronica Constitucional da Cidade do Porto - 23 December 1834,41.1462595146274,-8.60905024466826,42.0,https://curiositas.ulusofona.pt/wp-content/plugins/curiositas-timeline/images/porto/P3.png
https://curiositas.ulusofona.pt/cosmoramas-map/,1834,1835,1834,Gabinete de Cosmorama,Centro Histórico do Porto,Domenico Lusardi,Porto,P1,Chronica Constitucional da Cidade do Porto - 9 December 1834,41.1419495691398,-8.616667,31.0,https://curiositas.ulusofona.pt/wp-content/plugins/curiositas-timeline/images/porto/P1.png
https://curiositas.ulusofona.pt/cosmoramas-map/,1834,1840,1834,Diorama and Cosmorama,Lothian Road,,Edinburgh,E4,The Scotsman - 09 June 1838,55.94757121137,-3.20610150596774,,https://curiositas.ulusofona.pt/wp-content/plugins/curiositas-timeline/images/edinburgh/E4.png
https://curiositas.ulusofona.pt/cosmoramas-map/,1834,1834,1834,Cosmorama,Calle Preciados - n4 - piso baixo,,Madrid,M3,Diario de Avisos de Madrid - 3 November 1834,40.417504806534,-3.70419380694398,,https://curiositas.ulusofona.pt/wp-content/plugins/curiositas-timeline/images/madrid/M3.png
https://curiositas.ulusofona.pt/cosmoramas-map/,1834,1841,1834,Cosmorama,Rambla - n13,,Barcelona,B6,Diario de Barcelona - 29 June 1834,41.3777433527912,2.17561636597967,,https://curiositas.ulusofona.pt/wp-content/plugins/curiositas-timeline/images/barcelona/B6.png
https://curiositas.ulusofona.pt/cosmoramas-map/,1834,1834,1834,Gran Neorama de Paris,Rambla - n4,Andrés Rancher,Barcelona,B3,Diário de Barcelona - 10 August 1834,41.377081312022,2.17689892034685,,https://curiositas.ulusofona.pt/wp-content/plugins/curiositas-timeline/images/barcelona/B3.png
https://curiositas.ulusofona.pt/cosmoramas-map/,1834,1834,1834,Cosmorama,Theatre - Leeds,Downe,Leeds,Lee4,Leeds Times -16 August 1834,53.7928168810282,-1.5418858306885,,https://curiositas.ulusofona.pt/wp-content/plugins/curiositas-timeline/images/leeds/Lee4.png
https://curiositas.ulusofona.pt/cosmoramas-map/,1834,1834,1834,London Cosmoramas,Prince’s Street - n54,,Edinburgh,E3,The Scotsman - 01 November 1834,55.9526560519312,-3.19451460622327,,https://curiositas.ulusofona.pt/wp-content/plugins/curiositas-timeline/images/edinburgh/E3.png
https://curiositas.ulusofona.pt/cosmoramas-map/,1834,1835,1834,Cosmorama / The Lounge,Lounge - Boar-Lane - n17,,Leeds,Lee3,Leeds Times - 1 February 1834,53.7958548385607,-1.54437201062179,,https://curiositas.ulusofona.pt/wp-content/plugins/curiositas-timeline/images/leeds/Lee3.png
https://curiositas.ulusofona.pt/cosmoramas-map/,1834,1834,1834,Neorama/ Viaje de Ilusión,Calle de las Carasas - n2,Felipe Maglia,Palma de Mallorca,PM4,Diário Balear nr59 - 29 May 1834,39.571625,2.650544,78.0,https://curiositas.ulusofona.pt/wp-content/plugins/curiositas-timeline/images/palma-de-mallorca/PM4.png
https://curiositas.ulusofona.pt/cosmoramas-map/,1834,1834,1834,Plastischen Kunstcabinet,,Thomas Karl Andorfer,Salzburg,SAL1,Salzburger Landszeitung - 17 June 1854,47.811195,13.033229,75.0,https://curiositas.ulusofona.pt/wp-content/plugins/curiositas-timeline/images/salzburg/SAL1.png
https://curiositas.ulusofona.pt/cosmoramas-map/,1835,1835,1835,Cosmorama,Calle Preciados - n19 - piso baixo,,Madrid,M13,Diario de Avisos de Madrid - 14 June 1835,40.4190557939894,-3.70552456947077,,https://curiositas.ulusofona.pt/wp-content/plugins/curiositas-timeline/images/madrid/M13.png
https://curiositas.ulusofona.pt/cosmoramas-map/,1835,1835,1835,Cosmorama,Rambla (perto do Teatro),,Barcelona,B29,Diário de Barcelona - 22 March 1835,41.378685373493,2.1753940889767,,https://curiositas.ulusofona.pt/wp-content/plugins/curiositas-timeline/images/barcelona/B29.png
https://curiositas.ulusofona.pt/cosmoramas-map/,1835,1836,1835,Cosmorama,Rambla (ao lado do Governo Civil),,Barcelona,B30,Diário de Barcelona - 5 April 1835,41.3861777980354,2.16938985077952,,https://curiositas.ulusofona.pt/wp-content/plugins/curiositas-timeline/images/barcelona/B30.png
https://curiositas.ulusofona.pt/cosmoramas-map/,1835,1835,1835,Cosmorama,Rambla - n12,,Barcelona,B28,Diário de Barcelona - 25 January 1835,41.3777477010002,2.17647895275645,,https://curiositas.ulusofona.pt/wp-content/plugins/curiositas-timeline/images/barcelona/B28.png
https://curiositas.ulusofona.pt/cosmoramas-map/,1835,1835,1835,Cosmorama,Calle del Caballero de Gracia (Fonda de la Unión),,Madrid,M5,Diario de Madrid - 23 January 1835,40.4193290600481,-3.69973735851756,,https://curiositas.ulusofona.pt/wp-content/plugins/curiositas-timeline/images/madrid/M5.png
https://curiositas.ulusofona.pt/cosmoramas-map/,1835,1835,1835,Cosmorama,Calle de S. Pablo - n33,,Barcelona,B20,Diario de Barcelona - 8 March - 1835,41.3790868239982,2.17218428271018,,https://curiositas.ulusofona.pt/wp-content/plugins/curiositas-timeline/images/barcelona/B20.png
https://curiositas.ulusofona.pt/cosmoramas-map/,1835,1856,1835,Diorama y Cosmorama,Paseo de Recoletos (Galería Topográfica),,Madrid,M6,Diario de Madrid - 3 April 1836,40.4224880191956,-3.69219806046908,,https://curiositas.ulusofona.pt/wp-content/plugins/curiositas-timeline/images/madrid/M6.png
https://curiositas.ulusofona.pt/cosmoramas-map/,1835,1836,1835,Neorama / Viage de Ilusion,Calle Fernando VII,,Barcelona,B8,Diario de Barcelona - 13 March 1836,41.3814950991059,2.17556964579715,,https://curiositas.ulusofona.pt/wp-content/plugins/curiositas-timeline/images/barcelona/B8.png
https://curiositas.ulusofona.pt/cosmoramas-map/,1835,1835,1835,Cosmorama Italiano / Cosmorama,Calle D'Es Set Cantons - Manzana 116 - n31 (frente al peso real de la plateria),,Palma de Mallorca,PM2,Diário Balear - 3 September - 1835,39.570289930962,2.65117958922371,,https://curiositas.ulusofona.pt/wp-content/plugins/curiositas-timeline/images/palma-de-mallorca/PM2.png
https://curiositas.ulusofona.pt/cosmoramas-map/,1835,1835,1835,Cosmorama Político,Rua do Ouro - n102,,Lisboa,L11,O Nacional - 17 March 1835,38.7101210762391,-9.13834719564912,,https://curiositas.ulusofona.pt/wp-content/plugins/curiositas-timeline/images/lisboa/L11.png
https://curiositas.ulusofona.pt/cosmoramas-map/,1835,1835,1835,Cosmorama,Centro Histórico do Porto,,Porto,P9,Folha de Anuncios - 4 May 1835,41.1419495691398,-8.616667,,https://curiositas.ulusofona.pt/wp-content/plugins/curiositas-timeline/images/porto/P9.png
https://curiositas.ulusofona.pt/cosmoramas-map/,1835,1836,1835,Cosmorama,Rua de Santo António - n18,,Porto,P8,Folha de Anúncios - 20 April 1835,41.1460587357701,-8.61024711798293,,https://curiositas.ulusofona.pt/wp-content/plugins/curiositas-timeline/images/porto/P8.png
https://curiositas.ulusofona.pt/cosmoramas-map/,1835,1835,1835,Calyo's Exhibition,Assembly Rooms (corner of Hollyday and Fayette Streets),Nicolino Calyo,Baltimore,BA1,American and Commercial Daily Advertiser - 20 April 1835,39.299236,-76.609383,65.0,https://curiositas.ulusofona.pt/wp-content/plugins/curiositas-timeline/images/baltimore/BA1.png
https://curiositas.ulusofona.pt/cosmoramas-map/,1835,1835,1835,Cosmorama,,Nicolino Calyo,Havana,nophoto,Referido em: M. Cantos Casenave (2024). Viajes de ilusión visual y literaria: El cosmorama de Nicolino Calyó. Nuevo Mundo Mundos Nuevos. (O ano da exposição trata-se de uma aproximação),23.113592,-82.366592,86.0,
https://curiositas.ulusofona.pt/cosmoramas-map/,1836,1836,1836,Cosmorama - Templo da Illusão,Rua de Santo António - n81 - piso 1,Menatory,Porto,P4,O Artilheiro - 13 February 1836,41.1462856544284,-8.609044535755,67.0,https://curiositas.ulusofona.pt/wp-content/plugins/curiositas-timeline/images/porto/P4.png
https://curiositas.ulusofona.pt/cosmoramas-map/,1836,1837,1836,Cosmorama/ Grand Cosmorama,Saloon - Royal Arcade,Menatory,Dublin,D5,Saunders's News-Letter - 22 November 1836,53.3442232470547,-6.26008369363028,76.0,https://curiositas.ulusofona.pt/wp-content/plugins/curiositas-timeline/images/dublin/D5.png
https://curiositas.ulusofona.pt/cosmoramas-map/,1836,1836,1836,Jerez,Calle de la Estrella - n2,Luis Muriel,Madrid,M7,Diario de Madrid - 5 May 1836,40.4220171522358,-3.7058841181412,,https://curiositas.ulusofona.pt/wp-content/plugins/curiositas-timeline/images/madrid/M7.png
https://curiositas.ulusofona.pt/cosmoramas-map/,1836,1836,1836,Cosmorama,Rua de Santo António - n21,,Porto,P10,A Vedeta da Liberdade - 22 February 1836,41.1462443346595,-8.61004111798293,,https://curiositas.ulusofona.pt/wp-content/plugins/curiositas-timeline/images/porto/P10.png
https://curiositas.ulusofona.pt/cosmoramas-map/,1836,1836,1836,Cosmorama,Centro Histórico do Porto,,Porto,P11,A Vedeta da Liberdade - 26 August 1836,41.1419495691398,-8.616667,,https://curiositas.ulusofona.pt/wp-content/plugins/curiositas-timeline/images/porto/P11.png
https://curiositas.ulusofona.pt/cosmoramas-map/,1836,1836,1836,Cosmorama,Rua da Porta de Carros - n61 (Antiga Estalagem Real),,Porto,P2,A Vedeta da Liberdade - 1 November 1836,41.1456272600305,-8.6107254604427,,https://curiositas.ulusofona.pt/wp-content/plugins/curiositas-timeline/images/porto/P2.png
https://curiositas.ulusofona.pt/cosmoramas-map/,1836,1836,1836,Cosmorama,Rua de Santo António - n42,,Porto,P7,O Artilheiro - 30 November 1836,41.1461617549949,-8.61049728927878,,https://curiositas.ulusofona.pt/wp-content/plugins/curiositas-timeline/images/porto/P7.png
https://curiositas.ulusofona.pt/cosmoramas-map/,1836,1836,1836,Cosmoramic Views,Adelaide Street (Adelaide Gallery),,London,Lon7,Morning Advertiser - 17 June 1836,51.5090355471477,-0.125869471329414,,https://curiositas.ulusofona.pt/wp-content/plugins/curiositas-timeline/images/london/Lon7.png
https://curiositas.ulusofona.pt/cosmoramas-map/,1836,1836,1836,Cosmoramic Views,Royal Colosseum - Regent’s Park,,London,Lon9,True Sun - 23 May 1836,51.5280753749816,-0.145549289900859,,https://curiositas.ulusofona.pt/wp-content/plugins/curiositas-timeline/images/london/Lon9.png
https://curiositas.ulusofona.pt/cosmoramas-map/,1836,1836,1836,Galeria Optica,,Thomas Karl Andorfer,Nápoles,NAP1,Il Telescópio - n12 - 30 August 1836,40.8401,14.2516,77.0,https://curiositas.ulusofona.pt/wp-content/plugins/curiositas-timeline/images/napoles/NAP1.png
https://curiositas.ulusofona.pt/cosmoramas-map/,1837,1837,1837,Promenade Nocturne/Grand Cosmorama/Temple D'Illusion,Postoffice Place (Exhibition Rooms),Menatory,Liverpool,Liv10,Liverpool Standard and General Commercial Advertiser - 03 February 1837,53.4033791204748,-2.97868057398242,28.0,https://curiositas.ulusofona.pt/wp-content/plugins/curiositas-timeline/images/liverpool/Liv10.png
https://curiositas.ulusofona.pt/cosmoramas-map/,1837,1837,1837,Galeria Optica,,Thomas Karl Andorfer,Veneza,VEN1,Gazetta di Venezia - vol. 4 - 1837,45.4343,12.3388,84.0,https://curiositas.ulusofona.pt/wp-content/plugins/curiositas-timeline/images/veneza/VEN1.png
https://curiositas.ulusofona.pt/cosmoramas-map/,1838,1843,1838,Neorama o Viage de Ilusión,Calle de San Pablo - n3,Felipe Maglia,Barcelona,B31,Diário de Barcelona - 27 November 1838,41.5128549141969,2.1921050830919,32.0,https://curiositas.ulusofona.pt/wp-content/plugins/curiositas-timeline/images/barcelona/B31.png
https://curiositas.ulusofona.pt/cosmoramas-map/,1838,1841,1838,Cosmorama / The Lounge,Lounge - Boar-Lane - n17,,Leeds,Lee5,Leeds Intellingencer - 12 January 1839,53.7959609779089,-1.54436690279602,,https://curiositas.ulusofona.pt/wp-content/plugins/curiositas-timeline/images/leeds/Lee5.png
https://curiositas.ulusofona.pt/cosmoramas-map/,1839,1841,1839,Neorama con Figuras de Movimiento,Calle de San Pablo,,Barcelona,B32,Diário de Barcelona - 27 December 1839,41.5135112126492,2.19116416959802,,https://curiositas.ulusofona.pt/wp-content/plugins/curiositas-timeline/images/barcelona/B32.png
https://curiositas.ulusofona.pt/cosmoramas-map/,1839,1839,1839,Neorama,Calle de Afligidos,,Barcelona,B13,Diario de Barcelona - 5 July 1839,41.3819285572519,2.1773407346705,,https://curiositas.ulusofona.pt/wp-content/plugins/curiositas-timeline/images/barcelona/B13.png
https://curiositas.ulusofona.pt/cosmoramas-map/,1839,1840,1839,Galería Pintoresca o Cosmorama,Calle de la Gorguera n15,Núñez de Arce,Madrid,M10,Diario de Madrid - 23 September 1840,40.4153972740844,-3.70120535928571,,https://curiositas.ulusofona.pt/wp-content/plugins/curiositas-timeline/images/madrid/M10.png
https://curiositas.ulusofona.pt/cosmoramas-map/,1839,1840,1839,Gran Cosmorama,Calle del Lobo - n9,Echegaray,Madrid,M11,Diario de Madrid - 12 April 1840,40.4158630623588,-3.69951616419762,,https://curiositas.ulusofona.pt/wp-content/plugins/curiositas-timeline/images/madrid/M11.png
https://curiositas.ulusofona.pt/cosmoramas-map/,1839,1839,1839,Galeria Optica,,Thomas Karl Andorfer,Cádiz,C5,Revista Gaditana - n4 - 24 November 1839,36.5298536517863,-6.29528371012576,85.0,https://curiositas.ulusofona.pt/wp-content/plugins/curiositas-timeline/images/cadiz/C5.png
https://curiositas.ulusofona.pt/cosmoramas-map/,1839,1839,1839,Neorama,Centro Histórico de Cádiz,Thomas Karl Andorfer,Cádiz,C5,Diário de Barcelona - 28 December 1839,36.5298536517863,-6.29528371012576,87.0,https://curiositas.ulusofona.pt/wp-content/plugins/curiositas-timeline/images/cadiz/C5.png
https://curiositas.ulusofona.pt/cosmoramas-map/,1839,1839,1839,Gran Viage Pintoresco,Centro Histórico da Cidade do México,Nicolino Calyo,Mexico City,ME1,Diario del Gobierno de la República Mexicana - 30 April 1840,19.432608,-99.133209,115.0,https://curiositas.ulusofona.pt/wp-content/plugins/curiositas-timeline/images/mexico-city/ME1.png
https://curiositas.ulusofona.pt/cosmoramas-map/,1840,1840,1840,Grande Galeria Óptica,Largo de S. Paulo - Casa de Pombal - n11 - piso 1,Thomas Karl Andorfer,Lisboa,L3,Diário do Governo - 2 January 1840,38.7076621410006,-9.14502987904855,88.0,https://curiositas.ulusofona.pt/wp-content/plugins/curiositas-timeline/images/lisboa/L3.png
https://curiositas.ulusofona.pt/cosmoramas-map/,1840,1840,1840,Grande Galeria Óptica,Rua das Taipas - n71 - piso 1,Thomas Karl Andorfer,Porto,P6,Annuncios - 7 September 1840,41.1438159868701,-8.61768876397004,92.0,https://curiositas.ulusofona.pt/wp-content/plugins/curiositas-timeline/images/porto/P6.png
https://curiositas.ulusofona.pt/cosmoramas-map/,1840,1840,1840,Galería Topográfica Diorama y Cosmorama,Centro Histórico de Valencia,,Valencia,V1,La Tribuna - 31 March 1840,39.473411788026,-0.376500838554147,,https://curiositas.ulusofona.pt/wp-content/plugins/curiositas-timeline/images/valencia/V1.png
https://curiositas.ulusofona.pt/cosmoramas-map/,1841,1841,1841,Cosmorama / Springthorpe's Grand Exhibition,Commercial Buildings - Leeds,Springthorpe,Leeds,Lee1,Leeds Intellingencer - 17 June 1841,53.7966274650347,-1.54783220591728,98.0,https://curiositas.ulusofona.pt/wp-content/plugins/curiositas-timeline/images/leeds/Lee1.png
https://curiositas.ulusofona.pt/cosmoramas-map/,1841,1841,1841,Cosmorama,Rambla,,Barcelona,B21,Diario de Barcelona - 8 December - 1841,41.385761613533,2.16983805425088,,https://curiositas.ulusofona.pt/wp-content/plugins/curiositas-timeline/images/barcelona/B21.png
https://curiositas.ulusofona.pt/cosmoramas-map/,1841,1841,1841,Galeria Optica,,Thomas Karl Andorfer,Santander,S2,La Montaña: Revista Semanal de la Colonia Montañesa - ano 16 - n14 - 15 August 1841,43.4613339591177,-3.80767815535637,95.0,https://curiositas.ulusofona.pt/wp-content/plugins/curiositas-timeline/images/santander/S2.png
https://curiositas.ulusofona.pt/cosmoramas-map/,1842,1842,1842,Neorama,Calle Nueva de San Francisco - n3,,Barcelona,B14,Diario de Barcelona - 15 May 1842,41.3796629761135,2.17672461192133,,https://curiositas.ulusofona.pt/wp-content/plugins/curiositas-timeline/images/barcelona/B14.png
https://curiositas.ulusofona.pt/cosmoramas-map/,1842,1842,1842,Cosmorama con Luz Natural,Frente la puerta de Santa Madrona,,Barcelona,B15,Diario de Barcelona 6 July 1842,41.3749135416097,2.17504836065149,,https://curiositas.ulusofona.pt/wp-content/plugins/curiositas-timeline/images/barcelona/B15.png
https://curiositas.ulusofona.pt/cosmoramas-map/,1842,1842,1842,Grande Espectáculo Óptico,Largo do Pelourinho - n24 - piso 1,Thomas Karl Andorfer,Lisboa,L4,O Correio Português - 18 January 1842,38.7083075233399,-9.13961117664908,104.0,https://curiositas.ulusofona.pt/wp-content/plugins/curiositas-timeline/images/lisboa/L4.png
https://curiositas.ulusofona.pt/cosmoramas-map/,1842,1842,1842,Cosmoramic Views,Dun-Edin Hall,,Edinburgh,E8,Witness Edinburgh - 01 January 1842,55.9533933818366,-3.18839805608411,,https://curiositas.ulusofona.pt/wp-content/plugins/curiositas-timeline/images/edinburgh/E8.png
https://curiositas.ulusofona.pt/cosmoramas-map/,1842,1842,1842,Diorama and Cosmorama,Lothian Road,,Edinburgh,E5,The Scotsman - 3 August 1842,55.9476595255805,-3.20612966034517,,https://curiositas.ulusofona.pt/wp-content/plugins/curiositas-timeline/images/edinburgh/E5.png
https://curiositas.ulusofona.pt/cosmoramas-map/,1843,1843,1843,Liver Theatre,Church-Street,Springthorpe,Liverpool,Liv11,Liverpool Standard and General Commercial Advertiser - 25 April 1843,53.4052810925995,-2.98358183165305,99.0,https://curiositas.ulusofona.pt/wp-content/plugins/curiositas-timeline/images/liverpool/Liv11.png
https://curiositas.ulusofona.pt/cosmoramas-map/,1843,1843,1843,Grand Cosmoramic Views,Donnybrook Fair - Royal Pavillon,Springthorpe,Dublin,D3,Freeman's Journal - 18 August 1843,53.3492018222453,-6.25361783279989,100.0,https://curiositas.ulusofona.pt/wp-content/plugins/curiositas-timeline/images/dublin/D3.png
https://curiositas.ulusofona.pt/cosmoramas-map/,1843,1843,1843,Cosmorama,Music Hall - Lower Abbey Street,Springthorpe,Dublin,D8,Warder and Dublin Weekly Mail - 9 September 1843,53.3441797502089,-6.26428468932716,118.0,https://curiositas.ulusofona.pt/wp-content/plugins/curiositas-timeline/images/dublin/D8.png
https://curiositas.ulusofona.pt/cosmoramas-map/,1843,1843,1843,Cosmorama Histórico,Calle de la Ciudad - n8,Francisco Dalmau,Barcelona,B10,Diario de Barcelona - 1843,41.4033080773979,2.15994579658091,119.0,https://curiositas.ulusofona.pt/wp-content/plugins/curiositas-timeline/images/barcelona/B10.png
https://curiositas.ulusofona.pt/cosmoramas-map/,1843,1843,1843,Major's Collection/ Grand Cosmoramic Views,Williamson Square (York Hotel),Major,Liverpool,Liv8,Liverpool Mercury - 21 April 1843,53.4067112108242,-2.98273640897893,,https://curiositas.ulusofona.pt/wp-content/plugins/curiositas-timeline/images/liverpool/Liv8.png
https://curiositas.ulusofona.pt/cosmoramas-map/,1843,1843,1843,Banks’s Cosmoramic View of London,Albion Office,,Liverpool,Liv4,Liverpool Albion - 18 September 1843,53.4059242213994,-2.98124501931716,,https://curiositas.ulusofona.pt/wp-content/plugins/curiositas-timeline/images/liverpool/Liv4.png
https://curiositas.ulusofona.pt/cosmoramas-map/,1843,1843,1843,Galeria Optica,,Thomas Karl Andorfer,Rio de Janeiro,RJ1,Diário do Rio de Janeiro - 21 October 1843,-22.908333,-43.196388,105.0,https://curiositas.ulusofona.pt/wp-content/plugins/curiositas-timeline/images/rio-de-janeiro/RJ1.png
https://curiositas.ulusofona.pt/cosmoramas-map/,1844,1844,1844,Galeria Optica,,Thomas Karl Andorfer,Recife,R1,Diário de Pernambuco - n162 - 24 July 1848,-8.05428,-34.8813,106.0,https://curiositas.ulusofona.pt/wp-content/plugins/curiositas-timeline/images/recife/R1.png
https://curiositas.ulusofona.pt/cosmoramas-map/,1844,1844,1844,Galeria Optica,,Thomas Karl Andorfer,S. Luís do Maranhão,SLM1,Publicador Maranhense - 3 November 1844,-2.53073,-44.3068,109.0,https://curiositas.ulusofona.pt/wp-content/plugins/curiositas-timeline/images/s.-luis-do-maranhao/SLM1.png
https://curiositas.ulusofona.pt/cosmoramas-map/,1845,1845,1845,Cosmoramic Views,Wilks's Emporium of Ireland - and Civet Cat - n16 - Dame-Street,,Dublin,D2,Dublin Weekly Nation - 29 March 1845,53.3441578502583,-6.26516190282106,,https://curiositas.ulusofona.pt/wp-content/plugins/curiositas-timeline/images/dublin/D2.png
https://curiositas.ulusofona.pt/cosmoramas-map/,1845,1845,1845,Cosmorama,Regent-street - n209,,London,Lon19,Morning Herald - 2 September 1845,51.5134099791234,-0.141154102920916,,https://curiositas.ulusofona.pt/wp-content/plugins/curiositas-timeline/images/london/Lon19.png
https://curiositas.ulusofona.pt/cosmoramas-map/,1845,1845,1845,Galeria Optica,,Thomas Karl Andorfer,Belém do Pará,BP1,Treze de May - n510 - 28 May 1845,-1.45502,-48.5024,110.0,https://curiositas.ulusofona.pt/wp-content/plugins/curiositas-timeline/images/belem-do-para/BP1.png
https://curiositas.ulusofona.pt/cosmoramas-map/,1845,1845,1845,Galeria Optica,,Thomas Karl Andorfer,Broadway,EUA1,The New York Herald 22 December 1845,40.790886,-73.974709,111.0,https://curiositas.ulusofona.pt/wp-content/plugins/curiositas-timeline/images/broadway/EUA1.png
https://curiositas.ulusofona.pt/cosmoramas-map/,1846,1846,1846,Galeria Optica,,Thomas Karl Andorfer,Havana,HAV1,Diario de la Marina - 5 April 1846,23.113592,-82.366592,112.0,https://curiositas.ulusofona.pt/wp-content/plugins/curiositas-timeline/images/havana/HAV1.png
https://curiositas.ulusofona.pt/cosmoramas-map/,1846,1846,1846,Galeria Optica,,Thomas Karl Andorfer,Hamburgo,H1,Der Freischütz - 29 August 1846,53.551086,9.993682,128.0,https://curiositas.ulusofona.pt/wp-content/plugins/curiositas-timeline/images/hamburgo/H1.png
https://curiositas.ulusofona.pt/cosmoramas-map/,1847,1847,1847,Groves’ Exhibition,Church Street - n50,Groves,Liverpool,Liv6,Liverpool Mail - 6 November 1847,53.4050517893479,-2.98207034514697,,https://curiositas.ulusofona.pt/wp-content/plugins/curiositas-timeline/images/liverpool/Liv6.png
https://curiositas.ulusofona.pt/cosmoramas-map/,1847,1847,1847,Cosmorama,Cremorne Gardens,,London,Lon12,Daily News - 1 April 1847,51.4798006770597,-0.178465371193772,,https://curiositas.ulusofona.pt/wp-content/plugins/curiositas-timeline/images/london/Lon12.png
https://curiositas.ulusofona.pt/cosmoramas-map/,1847,1847,1847,Vannucchi's Great and Extensive Cosmorama,,Nicolino Calyo,New York,NY1,New York Herald - 15 June 1847,40.73061,-73.935242,122.0,https://curiositas.ulusofona.pt/wp-content/plugins/curiositas-timeline/images/new-york/NY1.png
https://curiositas.ulusofona.pt/cosmoramas-map/,1848,1848,1848,Cosmorama,Lower Sackville-Street - n52,C. Pollard,Dublin,D9,Weekly Freeman's Journal - 3 June 1848,53.3511361303792,-6.26120304514996,,https://curiositas.ulusofona.pt/wp-content/plugins/curiositas-timeline/images/dublin/D9.png
https://curiositas.ulusofona.pt/cosmoramas-map/,1849,1849,1849,Neorama,Calle de Cirés - n6 (cruza com a Calle del Conde de Asalto),,Barcelona,B22,Diario de Barcelona - 7 April 1849,41.3779529256832,2.17130488196401,,https://curiositas.ulusofona.pt/wp-content/plugins/curiositas-timeline/images/barcelona/B22.png
https://curiositas.ulusofona.pt/cosmoramas-map/,1850,1850,1850,Cosmoramic Views,Church Street (Exhibition Rooms - Old Postoffice Place),Springthorpe,Liverpool,Liv9,Liverpool Mercury - 5 July 1850,53.4052810925995,-2.98358183165305,90.0,https://curiositas.ulusofona.pt/wp-content/plugins/curiositas-timeline/images/liverpool/Liv9.png
https://curiositas.ulusofona.pt/cosmoramas-map/,1850,1850,1850,Neorama,Calle Fernando VII,Francisco Dalmau,Barcelona,B26,Diario de Barcelona - 17 September 1850,41.3816312733606,2.17556999657994,101.0,https://curiositas.ulusofona.pt/wp-content/plugins/curiositas-timeline/images/barcelona/B26.png
https://curiositas.ulusofona.pt/cosmoramas-map/,1851,1851,1851,Cosmorama,Regent Street - n209 (Prince of Wales's Bazaar),,London,Lon8,Morning Advertiser - 11 July 1851,51.5134099791234,-0.141154102920916,,https://curiositas.ulusofona.pt/wp-content/plugins/curiositas-timeline/images/london/Lon8.png
https://curiositas.ulusofona.pt/cosmoramas-map/,1852,1852,1852,Cosmorama/ Grand Cosmorama,Anglesea Building - n88 - Lower Abbey-Street,Secourable,Dublin,D4,Freeman's Journal - 29 December 1852,53.3441797502089,-6.26428468932716,126.0,https://curiositas.ulusofona.pt/wp-content/plugins/curiositas-timeline/images/dublin/D4.png
https://curiositas.ulusofona.pt/cosmoramas-map/,1852,1852,1852,Cosmorama,Calle de San Jose - n67,Nicolino Calyo,Cádiz,C1,El Comercio - 16 August 1852,36.531801748773,-6.30126118828245,123.0,https://curiositas.ulusofona.pt/wp-content/plugins/curiositas-timeline/images/cadiz/C1.png
https://curiositas.ulusofona.pt/cosmoramas-map/,1852,1852,1852,Cosmorama,Calle Larga - n50,Nicolino Calyo,Jerez de la Frontera,J1,El Guadalete - 2 October 1852,36.6855690531957,-6.13632696530835,131.0,https://curiositas.ulusofona.pt/wp-content/plugins/curiositas-timeline/images/jerez-de-la-frontera/J1.png
https://curiositas.ulusofona.pt/cosmoramas-map/,1852,1852,1852,Cosmorama,Entre el Mercado y el Borne - n14 - Piso Principal,,Palma de Mallorca,PM3,Diário de Palma - 6 July 1852,39.5689297827185,2.64729229975024,,https://curiositas.ulusofona.pt/wp-content/plugins/curiositas-timeline/images/palma-de-mallorca/PM3.png
https://curiositas.ulusofona.pt/cosmoramas-map/,1852,1852,1852,Cosmoramic Views,Calton Hill (Nelson’s Monument),,Edinburgh,E6,The Scotsman - 19 May 1852,55.9545247633148,-3.1826937761178,,https://curiositas.ulusofona.pt/wp-content/plugins/curiositas-timeline/images/edinburgh/E6.png
https://curiositas.ulusofona.pt/cosmoramas-map/,1853,1853,1853,Grand Cosmorama/ Cosmorama,Dame-Street - n24,Secourable,Dublin,D6,Saunders's News-Letter - 23 March 1853,53.3442117046899,-6.26423105967435,121.0,https://curiositas.ulusofona.pt/wp-content/plugins/curiositas-timeline/images/dublin/D6.png
https://curiositas.ulusofona.pt/cosmoramas-map/,1853,1853,1853,Cosmorama Universal,Calle Ancha - n62,,Cádiz,C2,La Palma - 3 de November 1853,36.5331104045964,-6.29702640362385,,https://curiositas.ulusofona.pt/wp-content/plugins/curiositas-timeline/images/cadiz/C2.png
https://curiositas.ulusofona.pt/cosmoramas-map/,1853,1853,1853,Cosmorama,,Thomas Karl Andorfer,Trieste,TRI1,La Fama del 1853. Rassegna di Scienze - Lettere - Arti - Industria e Teatri - 25 April 1853,45.633331,13.8,129.0,https://curiositas.ulusofona.pt/wp-content/plugins/curiositas-timeline/images/trieste/TRI1.png
https://curiositas.ulusofona.pt/cosmoramas-map/,1853,1853,1853,Kunstcabinet,,Thomas Karl Andorfer,Liubliana,LIU1,Laibacher Zeitung - 16 August 1853,46.056946,14.505751,14.0,https://curiositas.ulusofona.pt/wp-content/plugins/curiositas-timeline/images/liubliana/LIU1.png
https://curiositas.ulusofona.pt/cosmoramas-map/,1854,1854,1854,Cosmorama,Upper Sackville-Street - n23,,Dublin,D7,Saunders's News-Letter - 1 May 1854,53.3517685412355,-6.26029500282065,,https://curiositas.ulusofona.pt/wp-content/plugins/curiositas-timeline/images/dublin/D7.png
https://curiositas.ulusofona.pt/cosmoramas-map/,1854,1854,1854,Cosmorama,,Nicolino Calyo,Madrid,M23,La Época - 1 May 1854,40.416775,-3.70379,35.0,https://curiositas.ulusofona.pt/wp-content/plugins/curiositas-timeline/images/madrid/M23.png
https://curiositas.ulusofona.pt/cosmoramas-map/,1855,1855,1855,Gran Cosmorama y La Caja Misteriosa,Paseo de Borne,,Palma de Mallorca,PM1,El Balear - 24 March 1855,39.5710291891131,2.64705425412879,,https://curiositas.ulusofona.pt/wp-content/plugins/curiositas-timeline/images/palma-de-mallorca/PM1.png
https://curiositas.ulusofona.pt/cosmoramas-map/,1855,1856,1855,Grande Cosmorama,Rua Direita do Loreto - n92 - piso 1,,Lisboa,L5,Noticiador do Progresso - 12 March 1856,38.7108467776211,-9.14508167469989,,https://curiositas.ulusofona.pt/wp-content/plugins/curiositas-timeline/images/lisboa/L5.png
https://curiositas.ulusofona.pt/cosmoramas-map/,1855,1856,1855,Cosmoramic Views,Lime Street (Teutonic Hall),William Allsop,Liverpool,Liv12,Northern Daily Times - 12 December 1855,53.4073425992633,-2.97973700281759,141.0,https://curiositas.ulusofona.pt/wp-content/plugins/curiositas-timeline/images/liverpool/Liv12.png
https://curiositas.ulusofona.pt/cosmoramas-map/,1856,1856,1856,Neorama,Calle S. Fernando - n75,Carlos Anchineli,Córdoba,CO2,Diario de Córdoba de Comercio - Industria - Administracion - Noticias y Avisos - 3 January 1856,37.881027098562,-4.77577197473423,185.0,https://curiositas.ulusofona.pt/wp-content/plugins/curiositas-timeline/images/cordoba/CO2.png
https://curiositas.ulusofona.pt/cosmoramas-map/,1856,1856,1856,Cosmorama,Teatro,,Teruel,T1,El Turia - 31 August - 1856,40.3410458265991,-1.10653271880728,,https://curiositas.ulusofona.pt/wp-content/plugins/curiositas-timeline/images/teruel/T1.png
https://curiositas.ulusofona.pt/cosmoramas-map/,1856,1857,1856,Stereoscopic cosmoramas,Church-Street - n34,,Liverpool,Liv7,Liverpool Mail - 03 January 1857,53.4050212091358,-2.98206721631157,,https://curiositas.ulusofona.pt/wp-content/plugins/curiositas-timeline/images/liverpool/Liv7.png
https://curiositas.ulusofona.pt/cosmoramas-map/,1856,1856,1856,Grande Panorama,Rua Nova da Misericórdia nº18,,Leiria,Lei1,O Leiriense - 4 June 1856,39.745389959656,-8.80802156049331,,https://curiositas.ulusofona.pt/wp-content/plugins/curiositas-timeline/images/leiria/Lei1.png
https://curiositas.ulusofona.pt/cosmoramas-map/,1857,1858,1857,Cosmorama,Rua da Calçada - n71,Pedro Gills,Coimbra,Coi1,O Conimbricense - 29 December 1857,40.2920442011726,-8.44644580656528,,https://curiositas.ulusofona.pt/wp-content/plugins/curiositas-timeline/images/coimbra/Coi1.png
https://curiositas.ulusofona.pt/cosmoramas-map/,1857,1857,1857,Cosmorama,The Royal Polytechnic,James Stevens,London,Lon13,Patriot - 17 July 1857,51.5182343623045,-0.141059716215181,,https://curiositas.ulusofona.pt/wp-content/plugins/curiositas-timeline/images/london/Lon13.png
https://curiositas.ulusofona.pt/cosmoramas-map/,1858,1859,1858,Cosmoramic and Stereoscopic Views,Lime-street (Teutonic- hall),William Allsop,Liverpool,Liv16,Northern Daily Times - 23 December 1858,53.4073425992633,-2.97973700281759,134.0,https://curiositas.ulusofona.pt/wp-content/plugins/curiositas-timeline/images/liverpool/Liv16.png
https://curiositas.ulusofona.pt/cosmoramas-map/,1858,1858,1858,Cosmorama,Morpeth-street - Bethnal-green - n6,,London,Lon14,Shoreditch Observer - 4 December 1858,51.5286454685037,-0.0478360892028533,,https://curiositas.ulusofona.pt/wp-content/plugins/curiositas-timeline/images/london/Lon14.png
https://curiositas.ulusofona.pt/cosmoramas-map/,1858,1858,1858,Cosmoramic Stereoscopes,Hanover Gallery,Branch,Liverpool,Liv5,Liverpool Albion - 30 August 1858,53.4035210164593,-2.98337483388266,,https://curiositas.ulusofona.pt/wp-content/plugins/curiositas-timeline/images/liverpool/Liv5.png
https://curiositas.ulusofona.pt/cosmoramas-map/,1858,1858,1858,Stereoscopic and cosmoramic views,Nicolson Street (The Circus Royal),,Edinburgh,E7,The Scotsman - 19 May 1858,55.9456892396297,-3.18458338733306,,https://curiositas.ulusofona.pt/wp-content/plugins/curiositas-timeline/images/edinburgh/E7.png
https://curiositas.ulusofona.pt/cosmoramas-map/,1858,1858,1858,Cosmorama,Carrera de Genil - n17,,Granada,Gra1,La Alhambra - 2 July 1858,37.1642948200341,-3.5596021901048,,https://curiositas.ulusofona.pt/wp-content/plugins/curiositas-timeline/images/granada/Gra1.png
https://curiositas.ulusofona.pt/cosmoramas-map/,1858,1858,1858,Cosmorama,Centro Histórico de Pontevedra,,Pontevedra,Pon1,El País - 27 July 1858,42.4327584589451,-8.6465551471884,,https://curiositas.ulusofona.pt/wp-content/plugins/curiositas-timeline/images/pontevedra/Pon1.png
https://curiositas.ulusofona.pt/cosmoramas-map/,1858,1858,1858,Cosmorama,Liceo de Artesanos,,La Coruña,Cor1,El Fomento de Galicia - 9 April 1858,43.3679835802575,-8.40270200061281,,https://curiositas.ulusofona.pt/wp-content/plugins/curiositas-timeline/images/la-coruna/Cor1.png
https://curiositas.ulusofona.pt/cosmoramas-map/,1859,1859,1859,Cosmorama,Centro Histórico de Jerez de la Frontera,,Jerez de la Frontera,J2,El Guadalete - 27 December 1859,36.6833505222386,-6.11951637072887,,https://curiositas.ulusofona.pt/wp-content/plugins/curiositas-timeline/images/jerez-de-la-frontera/J2.png
https://curiositas.ulusofona.pt/cosmoramas-map/,1859,1859,1859,Cosmorama,Opposite the Railway Station,A. Reynolds,Liverpool,Liv17,Liverpool Daily Post - 22 December 1859,53.4046801636134,-2.97999868147083,,https://curiositas.ulusofona.pt/wp-content/plugins/curiositas-timeline/images/liverpool/Liv17.png
https://curiositas.ulusofona.pt/cosmoramas-map/,1859,1859,1859,Cosmorama,Plaza de las Nieves,,Córdoba,CO3,Diario de Córdoba de Comercio - Industria - Administracion - Noticias y Avisos - 19 May 1859,37.8793865436785,-4.77973756124043,,https://curiositas.ulusofona.pt/wp-content/plugins/curiositas-timeline/images/cordoba/CO3.png
https://curiositas.ulusofona.pt/cosmoramas-map/,1860,1860,1860,Cosmorama o Tutilimundi,Calle del Fomento - n31,,Madrid,M14,La Correspondencia de España - 17 April 1860,40.4221684203303,-3.71122689303103,,https://curiositas.ulusofona.pt/wp-content/plugins/curiositas-timeline/images/madrid/M14.png
https://curiositas.ulusofona.pt/cosmoramas-map/,1860,1860,1860,Cosmorama,Centro Histórico de León,,León,Leo1,El Elsa - 5 April 1860,42.5973216697035,-5.56603008302322,,https://curiositas.ulusofona.pt/wp-content/plugins/curiositas-timeline/images/leon/Leo1.png
https://curiositas.ulusofona.pt/cosmoramas-map/,1860,1860,1860,Neorama,Villanueva,,Barcelona,B27,Diario de Barcelona - 8 June 1860,41.3819285572519,2.1773407346705,,https://curiositas.ulusofona.pt/wp-content/plugins/curiositas-timeline/images/barcelona/B27.png
https://curiositas.ulusofona.pt/cosmoramas-map/,1860,1860,1860,Panorama Universal,Rua da Feira -12,,Elvas,ELV1,O Transtagano - 28 June 1860,38.8796414836096,-7.16445809350178,,https://curiositas.ulusofona.pt/wp-content/plugins/curiositas-timeline/images/elvas/ELV1.png
https://curiositas.ulusofona.pt/cosmoramas-map/,1861,1861,1861,Cosmorama,Calle Mayor - n1,,Tarragona,Tar1,Diario de Tarragona - 15 March 1861,41.1173084260791,1.2566624254036,,https://curiositas.ulusofona.pt/wp-content/plugins/curiositas-timeline/images/tarragona/Tar1.png
https://curiositas.ulusofona.pt/cosmoramas-map/,1861,1861,1861,Cosmorama,Café de San Antonio de los Portugueses,,Madrid,M15,La Correspondencia de España - 9 September 1861,40.4150283852392,-3.70807742722354,,https://curiositas.ulusofona.pt/wp-content/plugins/curiositas-timeline/images/madrid/M15.png
https://curiositas.ulusofona.pt/cosmoramas-map/,1861,1861,1861,Gran Cosmorama,Calle Larga - n14,,Jerez de la Frontera,J3,El Guadalete - 5 October 1861,36.6834007605842,-6.1364766229797,,https://curiositas.ulusofona.pt/wp-content/plugins/curiositas-timeline/images/jerez-de-la-frontera/J3.png
https://curiositas.ulusofona.pt/cosmoramas-map/,1861,1861,1861,LIU1,Rua do Salitre - n31 e n33,Ricaud,Lisboa,L6,Diário de Anúncios - 25 May 1861,38.7197721754133,-9.14636990353492,,https://curiositas.ulusofona.pt/wp-content/plugins/curiositas-timeline/images/lisboa/L6.png
https://curiositas.ulusofona.pt/cosmoramas-map/,1862,1862,1862,Cosmorama,Calle de la Concepcion (Plazuela de Abades),,Córdoba,CO4,Diario de Córdoba de Comercio - Industria - Administración - Noticias y Avisos - 2 August 1862,37.879778769443,-4.77768409007578,,https://curiositas.ulusofona.pt/wp-content/plugins/curiositas-timeline/images/cordoba/CO4.png
https://curiositas.ulusofona.pt/cosmoramas-map/,1862,1862,1862,Cosmorama,Centro Histórico de Córdoba,,Córdoba,CO5,Diario de Córdoba de Comercio - Industria - Administración - Noticias y Avisos - 14 December 1862,37.8793865436785,-4.77973756124043,,https://curiositas.ulusofona.pt/wp-content/plugins/curiositas-timeline/images/cordoba/CO5.png
https://curiositas.ulusofona.pt/cosmoramas-map/,1862,1862,1862,Cosmorama,Largo da Feira,João Annaia,Beja,BEJ1,O Bejense - 9 August 1862,38.0153711254387,-7.86409770155371,,https://curiositas.ulusofona.pt/wp-content/plugins/curiositas-timeline/images/beja/BEJ1.png
https://curiositas.ulusofona.pt/cosmoramas-map/,1863,1863,1863,Cosmorama,Jardines del Paraíso,,Madrid,M16,La Correspondencia de España - 3 May 1863,40.4306746054107,-3.62138147462653,,https://curiositas.ulusofona.pt/wp-content/plugins/curiositas-timeline/images/madrid/M16.png
https://curiositas.ulusofona.pt/cosmoramas-map/,1863,1863,1863,Gran Cosmorama,Calle de la Cruz - n1,,Madrid,M18,La Correspondencia de España - 20 August 1865,40.4165159347451,-3.7005278930328,,https://curiositas.ulusofona.pt/wp-content/plugins/curiositas-timeline/images/madrid/M18.png
https://curiositas.ulusofona.pt/cosmoramas-map/,1864,1864,1864,Gran Panorama Monstruo / Gran Panorama Universal,Paseo de la Feria (Paseo de la Victória),,Córdoba,CO1,Diario de Córdoba de Comercio - Industria - Administración - Noticias y Avisos - 14 May 1864,37.8840705278706,-4.78488967473409,,https://curiositas.ulusofona.pt/wp-content/plugins/curiositas-timeline/images/cordoba/CO1.png
https://curiositas.ulusofona.pt/cosmoramas-map/,1864,1864,1864,Galería óptica - revista universal pintoresca - cosmorama y poliorama,Calle Del Castillo - 10 - Piso Principal,,Canarias - Santa Cruz de Tenerife,CAT1,Eco del Comercio - 25 June 1864,28.4671956449517,-16.2497310750719,,https://curiositas.ulusofona.pt/wp-content/plugins/curiositas-timeline/images/canarias---santa-cruz-de-tenerife/CAT1.png
https://curiositas.ulusofona.pt/cosmoramas-map/,1864,1864,1864,Cosmorama,,,Canarias - Santa Cruz de La Palma,CAST1,El Time - 15 May 1864,28.6834924543794,-17.7646474614121,,https://curiositas.ulusofona.pt/wp-content/plugins/curiositas-timeline/images/canarias---santa-cruz-de-la-palma/CAST1.png
https://curiositas.ulusofona.pt/cosmoramas-map/,1865,1865,1865,Cosmorama,Plaza Mayor,,Madrid,M17,La Correspondencia de España - 25 June 1865,40.4156040169188,-3.70735763323437,,https://curiositas.ulusofona.pt/wp-content/plugins/curiositas-timeline/images/madrid/M17.png
https://curiositas.ulusofona.pt/cosmoramas-map/,1866,1867,1866,Neorama,Calle del Liceo,,Córdoba,CO9,Diario de Córdoba - 11 September 1866,37.8793865436785,-4.77973756124043,,https://curiositas.ulusofona.pt/wp-content/plugins/curiositas-timeline/images/cordoba/CO9.png
https://curiositas.ulusofona.pt/cosmoramas-map/,1866,1866,1866,Neorama,Calle del Regomir,Corrons,Barcelona,B23,Diario de Barcelona - 23 June 1866,41.381370723861,2.17952205425066,,https://curiositas.ulusofona.pt/wp-content/plugins/curiositas-timeline/images/barcelona/B23.png
https://curiositas.ulusofona.pt/cosmoramas-map/,1866,1866,1866,Gran Cosmorama,Calle de los Apóstoles - 8,,Murcia,MU1,La Paz de Murcia - 26 September 1866,37.9838138695316,-1.12841473609706,,https://curiositas.ulusofona.pt/wp-content/plugins/curiositas-timeline/images/murcia/MU1.png
https://curiositas.ulusofona.pt/cosmoramas-map/,1867,1869,1867,Cosmorama,Puerta del Sol (en frente al Ministerio de la Gobernacion),,Madrid,M19,La Correspondencia de España - 23 October 1867,40.4166732756664,-3.7038138394104,,https://curiositas.ulusofona.pt/wp-content/plugins/curiositas-timeline/images/madrid/M19.png
https://curiositas.ulusofona.pt/cosmoramas-map/,1867,1867,1867,Cristalofisiorama e Neorama,Jardín del Café del Recreo - Calle Escudellers - n6,,Mahón,Mah1,El Menorquín - 26 June 1867,39.8903507181186,4.26284324498201,,https://curiositas.ulusofona.pt/wp-content/plugins/curiositas-timeline/images/mahon/Mah1.png
https://curiositas.ulusofona.pt/cosmoramas-map/,1867,1867,1867,Cosmorama,Calle de Atazaranas,,Santander,S1,La Abeja Montañesa: Periodico de los Intereses Locales - 15 October 1867,43.4613339591177,-3.80767815535637,,https://curiositas.ulusofona.pt/wp-content/plugins/curiositas-timeline/images/santander/S1.png
https://curiositas.ulusofona.pt/cosmoramas-map/,1867,1868,1867,The Palace of The People's Pleasures/ Cosmorama,Crystal Palace,,London,Lon15,South London Press - 2 Novembro 1867,51.4225646236281,-0.0758005537922817,,https://curiositas.ulusofona.pt/wp-content/plugins/curiositas-timeline/images/london/Lon15.png
https://curiositas.ulusofona.pt/cosmoramas-map/,1867,1867,1867,Cosmorama,Rosherville Gardens - Drawing-room Theatre,J. Seaton,London,Lon16,South London Press - 13 Abril 1867,51.4442687612021,0.352544053308884,,https://curiositas.ulusofona.pt/wp-content/plugins/curiositas-timeline/images/london/Lon16.png
https://curiositas.ulusofona.pt/cosmoramas-map/,1868,1868,1868,Cosmorama,Calle de Alcalá,,Madrid,M20,La Correspondencia de España -1 May 1868,40.4203921344217,-3.68790216113309,,https://curiositas.ulusofona.pt/wp-content/plugins/curiositas-timeline/images/madrid/M20.png
https://curiositas.ulusofona.pt/cosmoramas-map/,1868,1868,1868,Cosmorama,Calle de la Frenería,,Murcia,MU3,La Paz de Murcia - 8 September 1868,37.9840059666727,-1.13081959007149,,https://curiositas.ulusofona.pt/wp-content/plugins/curiositas-timeline/images/murcia/MU3.png
https://curiositas.ulusofona.pt/cosmoramas-map/,1868,1868,1868,Cosmorama,Calle de Letrados con Calle Prim,,Córdoba,CO10,Diário de Córdoba - 4 November 1868,37.8793865436785,-4.77973756124043,,https://curiositas.ulusofona.pt/wp-content/plugins/curiositas-timeline/images/cordoba/CO10.png
https://curiositas.ulusofona.pt/cosmoramas-map/,1869,1869,1869,Cosmorama,Plaza de Cataluña (encostado a uma das paredes da praça),,Barcelona,B25,Diário de Barcelona - 13 July 1869,41.3870672472058,2.17004036063289,,https://curiositas.ulusofona.pt/wp-content/plugins/curiositas-timeline/images/barcelona/B25.png
https://curiositas.ulusofona.pt/cosmoramas-map/,1869,1869,1869,Cosmorama,Rambla,,Tarragona,Tar2,Diario de Tarragona - 11 June 1869,41.1166507307496,1.25095949656819,,https://curiositas.ulusofona.pt/wp-content/plugins/curiositas-timeline/images/tarragona/Tar2.png
https://curiositas.ulusofona.pt/cosmoramas-map/,1869,1870,1869,Dio-Neorama,Rua Nova da Palma - nº105,,Lisboa,L7,Secção de Anúncios do Rossio - 1869,38.7172337515763,-9.13603477443454,,https://curiositas.ulusofona.pt/wp-content/plugins/curiositas-timeline/images/lisboa/L7.png
https://curiositas.ulusofona.pt/cosmoramas-map/,1870,1870,1870,Cosmorama e Neorama,Centro Histórico de Barcelona,,Barcelona,B16,Diário de Barcelona - 24 May - 1870,10.1368965686783,-64.6856482540787,,https://curiositas.ulusofona.pt/wp-content/plugins/curiositas-timeline/images/barcelona/B16.png
https://curiositas.ulusofona.pt/cosmoramas-map/,1870,1870,1870,Gran Cosmorama,Calle del Caballero de Gracia - n48,,Madrid,M21,La Correspondencia de España - 02 September 1870,40.4191053237827,-3.69851266419658,,https://curiositas.ulusofona.pt/wp-content/plugins/curiositas-timeline/images/madrid/M21.png
https://curiositas.ulusofona.pt/cosmoramas-map/,1870,1870,1870,Cosmorama,Calle de La Trapería,,Murcia,MU4,La Paz de Murcia - 2 July 1870,37.9858577015568,-1.12922919386919,,https://curiositas.ulusofona.pt/wp-content/plugins/curiositas-timeline/images/murcia/MU4.png
https://curiositas.ulusofona.pt/cosmoramas-map/,1871,1871,1871,Cosmorama,Calle de Prim - n4,Carlos Anchineli,Córdoba,CO8,Diario de Córdoba de Comercio - Industria - Administración - Noticias y Avisos - 17 September 1871,38.3014635908485,-5.2689324648387,135.0,https://curiositas.ulusofona.pt/wp-content/plugins/curiositas-timeline/images/cordoba/CO8.png
https://curiositas.ulusofona.pt/cosmoramas-map/,1871,1871,1871,Gran Cosmorama,Teatro del Conde,,Jerez de la Frontera,J4,El Progreso - 5 May 1871,36.6814392654666,-6.13753821438042,,https://curiositas.ulusofona.pt/wp-content/plugins/curiositas-timeline/images/jerez-de-la-frontera/J4.png
https://curiositas.ulusofona.pt/cosmoramas-map/,1871,1871,1871,Cosmorama de la Guerra Franco-Prusiana,Calle de Prim - 7,Alfonso & Compañia,Alicante,A1,Eco de Alicante - 9 May 1871,38.4844033702708,-0.770399908961341,,https://curiositas.ulusofona.pt/wp-content/plugins/curiositas-timeline/images/alicante/A1.png
https://curiositas.ulusofona.pt/cosmoramas-map/,1871,1871,1871,Neorama,Calle de Escudillers (Esquina à la de Zurbano),,Barcelona,B17,Diário de Barcelona - 13 August - 1871,41.379312,2.176027,,https://curiositas.ulusofona.pt/wp-content/plugins/curiositas-timeline/images/barcelona/B17.png
https://curiositas.ulusofona.pt/cosmoramas-map/,1872,1872,1872,Gran Cosmorama - Poliorama y Neorama,Calle Del Sol - n28,,Canarias - Santa Cruz de Tenerife,CAT2,La Federación - 2 March 1872,28.445865279822,-16.4665210462373,,https://curiositas.ulusofona.pt/wp-content/plugins/curiositas-timeline/images/canarias---santa-cruz-de-tenerife/CAT2.png
https://curiositas.ulusofona.pt/cosmoramas-map/,1878,1878,1878,Cosmorama,Alexandra Palace,,London,Lon17,London Daily Chronicle - 23 April 1878,51.5941771702244,-0.129728231507345,,https://curiositas.ulusofona.pt/wp-content/plugins/curiositas-timeline/images/london/Lon17.png
https://curiositas.ulusofona.pt/cosmoramas-map/,1889,1889,1889,A Journey Through Spain/ Cosmorama,Earl's Court,,London,Lon18,Echo - 15 July 1889,51.4919759185159,-0.193200642091932,,https://curiositas.ulusofona.pt/wp-content/plugins/curiositas-timeline/images/london/Lon18.png